{
  "Kanto": [
    { "id": 1, "name": "Bulbasaur", "number": 1, "types": ["Grass", "Poison"], "region": "Kanto", "spriteUrl": "https://raw.githubusercontent.com/PokeAPI/sprites/master/sprites/pokemon/1.png" },
    { "id": 4, "name": "Charmander", "number": 4, "types": ["Fire"], "region": "Kanto", "spriteUrl": "https://raw.githubusercontent.com/PokeAPI/sprites/master/sprites/pokemon/4.png" },
    { "id": 7, "name": "Squirtle", "number": 7, "types": ["Water"], "region": "Kanto", "spriteUrl": "https://raw.githubusercontent.com/PokeAPI/sprites/master/sprites/pokemon/7.png" },
    { "id": 25, "name": "Pikachu", "number": 25, "types": ["Electric"], "region": "Kanto", "spriteUrl": "https://raw.githubusercontent.com/PokeAPI/sprites/master/sprites/pokemon/25.png" },
    { "id": 6, "name": "Charizard", "number": 6, "types": ["Fire", "Flying"], "region": "Kanto", "spriteUrl": "https://raw.githubusercontent.com/PokeAPI/sprites/master/sprites/pokemon/6.png" },
    { "id": 9, "name": "Blastoise", "number": 9, "types": ["Water"], "region": "Kanto", "spriteUrl": "https://raw.githubusercontent.com/PokeAPI/sprites/master/sprites/pokemon/9.png" },
    { "id": 94, "name": "Gengar", "number": 94, "types": ["Ghost", "Poison"], "region": "Kanto", "spriteUrl": "https://raw.githubusercontent.com/PokeAPI/sprites/master/sprites/pokemon/94.png" },
    { "id": 143, "name": "Snorlax", "number": 143, "types": ["Normal"], "region": "Kanto", "spriteUrl": "https://raw.githubusercontent.com/PokeAPI/sprites/master/sprites/pokemon/143.png" },
    { "id": 150, "name": "Mewtwo", "number": 150, "types": ["Psychic"], "region": "Kanto", "spriteUrl": "https://raw.githubusercontent.com/PokeAPI/sprites/master/sprites/pokemon/150.png" },
    { "id": 151, "name": "Mew", "number": 151, "types": ["Psychic"], "region": "Kanto", "spriteUrl": "https://raw.githubusercontent.com/PokeAPI/sprites/master/sprites/pokemon/151.png" },
    { "id": 3, "name": "Venusaur", "number": 3, "types": ["Grass", "Poison"], "region": "Kanto", "spriteUrl": "https://raw.githubusercontent.com/PokeAPI/sprites/master/sprites/pokemon/3.png" },
    { "id": 130, "name": "Gyarados", "number": 130, "types": ["Water", "Flying"], "region": "Kanto", "spriteUrl": "https://raw.githubusercontent.com/PokeAPI/sprites/master/sprites/pokemon/130.png" },
    { "id": 131, "name": "Lapras", "number": 131, "types": ["Water", "Ice"], "region": "Kanto", "spriteUrl": "https://raw.githubusercontent.com/PokeAPI/sprites/master/sprites/pokemon/131.png" },
    { "id": 133, "name": "Eevee", "number": 133, "types": ["Normal"], "region": "Kanto", "spriteUrl": "https://raw.githubusercontent.com/PokeAPI/sprites/master/sprites/pokemon/133.png" },
    { "id": 68, "name": "Machamp", "number": 68, "types": ["Fighting"], "region": "Kanto", "spriteUrl": "https://raw.githubusercontent.com/PokeAPI/sprites/master/sprites/pokemon/68.png" }
  ],
  "Johto": [
    { "id": 152, "name": "Chikorita", "number": 152, "types": ["Grass"], "region": "Johto", "spriteUrl": "https://raw.githubusercontent.com/PokeAPI/sprites/master/sprites/pokemon/152.png" },
    { "id": 155, "name": "Cyndaquil", "number": 155, "types": ["Fire"], "region": "Johto", "spriteUrl": "https://raw.githubusercontent.com/PokeAPI/sprites/master/sprites/pokemon/155.png" },
    { "id": 158, "name": "Totodile", "number": 158, "types": ["Water"], "region": "Johto", "spriteUrl": "https://raw.githubusercontent.com/PokeAPI/sprites/master/sprites/pokemon/158.png" },
    { "id": 172, "name": "Pichu", "number": 172, "types": ["Electric"], "region": "Johto", "spriteUrl": "https://raw.githubusercontent.com/PokeAPI/sprites/master/sprites/pokemon/172.png" },
    { "id": 175, "name": "Togepi", "number": 175, "types": ["Fairy"], "region": "Johto", "spriteUrl": "https://raw.githubusercontent.com/PokeAPI/sprites/master/sprites/pokemon/175.png" },
    { "id": 196, "name": "Espeon", "number": 196, "types": ["Psychic"], "region": "Johto", "spriteUrl": "https://raw.githubusercontent.com/PokeAPI/sprites/master/sprites/pokemon/196.png" },
    { "id": 197, "name": "Umbreon", "number": 197, "types": ["Dark"], "region": "Johto", "spriteUrl": "https://raw.githubusercontent.com/PokeAPI/sprites/master/sprites/pokemon/197.png" },
    { "id": 245, "name": "Suicune", "number": 245, "types": ["Water"], "region": "Johto", "spriteUrl": "https://raw.githubusercontent.com/PokeAPI/sprites/master/sprites/pokemon/245.png" },
    { "id": 249, "name": "Lugia", "number": 249, "types": ["Psychic", "Flying"], "region": "Johto", "spriteUrl": "https://raw.githubusercontent.com/PokeAPI/sprites/master/sprites/pokemon/249.png" },
    { "id": 250, "name": "Ho-Oh", "number": 250, "types": ["Fire", "Flying"], "region": "Johto", "spriteUrl": "https://raw.githubusercontent.com/PokeAPI/sprites/master/sprites/pokemon/250.png" },
    { "id": 212, "name": "Scizor", "number": 212, "types": ["Bug", "Steel"], "region": "Johto", "spriteUrl": "https://raw.githubusercontent.com/PokeAPI/sprites/master/sprites/pokemon/212.png" },
    { "id": 248, "name": "Tyranitar", "number": 248, "types": ["Rock", "Dark"], "region": "Johto", "spriteUrl": "https://raw.githubusercontent.com/PokeAPI/sprites/master/sprites/pokemon/248.png" }
  ],
  "Hoenn": [
    { "id": 252, "name": "Treecko", "number": 252, "types": ["Grass"], "region": "Hoenn", "spriteUrl": "https://raw.githubusercontent.com/PokeAPI/sprites/master/sprites/pokemon/252.png" },
    { "id": 255, "name": "Torchic", "number": 255, "types": ["Fire"], "region": "Hoenn", "spriteUrl": "https://raw.githubusercontent.com/PokeAPI/sprites/master/sprites/pokemon/255.png" },
    { "id": 258, "name": "Mudkip", "number": 258, "types": ["Water"], "region": "Hoenn", "spriteUrl": "https://raw.githubusercontent.com/PokeAPI/sprites/master/sprites/pokemon/258.png" },
    { "id": 282, "name": "Gardevoir", "number": 282, "types": ["Psychic", "Fairy"], "region": "Hoenn", "spriteUrl": "https://raw.githubusercontent.com/PokeAPI/sprites/master/sprites/pokemon/282.png" },
    { "id": 302, "name": "Sableye", "number": 302, "types": ["Dark", "Ghost"], "region": "Hoenn", "spriteUrl": "https://raw.githubusercontent.com/PokeAPI/sprites/master/sprites/pokemon/302.png" },
    { "id": 350, "name": "Milotic", "number": 350, "types": ["Water"], "region": "Hoenn", "spriteUrl": "https://raw.githubusercontent.com/PokeAPI/sprites/master/sprites/pokemon/350.png" },
    { "id": 373, "name": "Salamence", "number": 373, "types": ["Dragon", "Flying"], "region": "Hoenn", "spriteUrl": "https://raw.githubusercontent.com/PokeAPI/sprites/master/sprites/pokemon/373.png" },
    { "id": 376, "name": "Metagross", "number": 376, "types": ["Steel", "Psychic"], "region": "Hoenn", "spriteUrl": "https://raw.githubusercontent.com/PokeAPI/sprites/master/sprites/pokemon/376.png" },
    { "id": 382, "name": "Kyogre", "number": 382, "types": ["Water"], "region": "Hoenn", "spriteUrl": "https://raw.githubusercontent.com/PokeAPI/sprites/master/sprites/pokemon/382.png" },
    { "id": 383, "name": "Groudon", "number": 383, "types": ["Ground"], "region": "Hoenn", "spriteUrl": "https://raw.githubusercontent.com/PokeAPI/sprites/master/sprites/pokemon/383.png" },
    { "id": 384, "name": "Rayquaza", "number": 384, "types": ["Dragon", "Flying"], "region": "Hoenn", "spriteUrl": "https://raw.githubusercontent.com/PokeAPI/sprites/master/sprites/pokemon/384.png" },
    { "id": 306, "name": "Aggron", "number": 306, "types": ["Steel", "Rock"], "region": "Hoenn", "spriteUrl": "https://raw.githubusercontent.com/PokeAPI/sprites/master/sprites/pokemon/306.png" }
  ],
  "Sinnoh": [
    { "id": 387, "name": "Turtwig", "number": 387, "types": ["Grass"], "region": "Sinnoh", "spriteUrl": "https://raw.githubusercontent.com/PokeAPI/sprites/master/sprites/pokemon/387.png" },
    { "id": 390, "name": "Chimchar", "number": 390, "types": ["Fire"], "region": "Sinnoh", "spriteUrl": "https://raw.githubusercontent.com/PokeAPI/sprites/master/sprites/pokemon/390.png" },
    { "id": 393, "name": "Piplup", "number": 393, "types": ["Water"], "region": "Sinnoh", "spriteUrl": "https://raw.githubusercontent.com/PokeAPI/sprites/master/sprites/pokemon/393.png" },
    { "id": 445, "name": "Garchomp", "number": 445, "types": ["Dragon", "Ground"], "region": "Sinnoh", "spriteUrl": "https://raw.githubusercontent.com/PokeAPI/sprites/master/sprites/pokemon/445.png" },
    { "id": 448, "name": "Lucario", "number": 448, "types": ["Fighting", "Steel"], "region": "Sinnoh", "spriteUrl": "https://raw.githubusercontent.com/PokeAPI/sprites/master/sprites/pokemon/448.png" },
    { "id": 461, "name": "Weavile", "number": 461, "types": ["Dark", "Ice"], "region": "Sinnoh", "spriteUrl": "https://raw.githubusercontent.com/PokeAPI/sprites/master/sprites/pokemon/461.png" },
    { "id": 483, "name": "Dialga", "number": 483, "types": ["Steel", "Dragon"], "region": "Sinnoh", "spriteUrl": "https://raw.githubusercontent.com/PokeAPI/sprites/master/sprites/pokemon/483.png" },
    { "id": 484, "name": "Palkia", "number": 484, "types": ["Water", "Dragon"], "region": "Sinnoh", "spriteUrl": "https://raw.githubusercontent.com/PokeAPI/sprites/master/sprites/pokemon/484.png" },
    { "id": 487, "name": "Giratina", "number": 487, "types": ["Ghost", "Dragon"], "region": "Sinnoh", "spriteUrl": "https://raw.githubusercontent.com/PokeAPI/sprites/master/sprites/pokemon/487.png" },
    { "id": 491, "name": "Darkrai", "number": 491, "types": ["Dark"], "region": "Sinnoh", "spriteUrl": "https://raw.githubusercontent.com/PokeAPI/sprites/master/sprites/pokemon/491.png" },
    { "id": 475, "name": "Gallade", "number": 475, "types": ["Psychic", "Fighting"], "region": "Sinnoh", "spriteUrl": "https://raw.githubusercontent.com/PokeAPI/sprites/master/sprites/pokemon/475.png" }
  ],
  "Unova": [
    { "id": 494, "name": "Victini", "number": 494, "types": ["Psychic", "Fire"], "region": "Unova", "spriteUrl": "https://raw.githubusercontent.com/PokeAPI/sprites/master/sprites/pokemon/494.png" },
    { "id": 495, "name": "Snivy", "number": 495, "types": ["Grass"], "region": "Unova", "spriteUrl": "https://raw.githubusercontent.com/PokeAPI/sprites/master/sprites/pokemon/495.png" },
    { "id": 498, "name": "Tepig", "number": 498, "types": ["Fire"], "region": "Unova", "spriteUrl": "https://raw.githubusercontent.com/PokeAPI/sprites/master/sprites/pokemon/498.png" },
    { "id": 501, "name": "Oshawott", "number": 501, "types": ["Water"], "region": "Unova", "spriteUrl": "https://raw.githubusercontent.com/PokeAPI/sprites/master/sprites/pokemon/501.png" },
    { "id": 553, "name": "Krookodile", "number": 553, "types": ["Ground", "Dark"], "region": "Unova", "spriteUrl": "https://raw.githubusercontent.com/PokeAPI/sprites/master/sprites/pokemon/553.png" },
    { "id": 571, "name": "Zoroark", "number": 571, "types": ["Dark"], "region": "Unova", "spriteUrl": "https://raw.githubusercontent.com/PokeAPI/sprites/master/sprites/pokemon/571.png" },
    { "id": 635, "name": "Hydreigon", "number": 635, "types": ["Dark", "Dragon"], "region": "Unova", "spriteUrl": "https://raw.githubusercontent.com/PokeAPI/sprites/master/sprites/pokemon/635.png" },
    { "id": 643, "name": "Reshiram", "number": 643, "types": ["Dragon", "Fire"], "region": "Unova", "spriteUrl": "https://raw.githubusercontent.com/PokeAPI/sprites/master/sprites/pokemon/643.png" },
    { "id": 644, "name": "Zekrom", "number": 644, "types": ["Dragon", "Electric"], "region": "Unova", "spriteUrl": "https://raw.githubusercontent.com/PokeAPI/sprites/master/sprites/pokemon/644.png" },
    { "id": 646, "name": "Kyurem", "number": 646, "types": ["Dragon", "Ice"], "region": "Unova", "spriteUrl": "https://raw.githubusercontent.com/PokeAPI/sprites/master/sprites/pokemon/646.png" },
    { "id": 609, "name": "Chandelure", "number": 609, "types": ["Ghost", "Fire"], "region": "Unova", "spriteUrl": "https://raw.githubusercontent.com/PokeAPI/sprites/master/sprites/pokemon/609.png" }
  ],
  "Kalos": [
    { "id": 650, "name": "Chespin", "number": 650, "types": ["Grass"], "region": "Kalos", "spriteUrl": "https://raw.githubusercontent.com/PokeAPI/sprites/master/sprites/pokemon/650.png" },
    { "id": 653, "name": "Fennekin", "number": 653, "types": ["Fire"], "region": "Kalos", "spriteUrl": "https://raw.githubusercontent.com/PokeAPI/sprites/master/sprites/pokemon/653.png" },
    { "id": 656, "name": "Froakie", "number": 656, "types": ["Water"], "region": "Kalos", "spriteUrl": "https://raw.githubusercontent.com/PokeAPI/sprites/master/sprites/pokemon/656.png" },
    { "id": 658, "name": "Greninja", "number": 658, "types": ["Water", "Dark"], "region": "Kalos", "spriteUrl": "https://raw.githubusercontent.com/PokeAPI/sprites/master/sprites/pokemon/658.png" },
    { "id": 700, "name": "Sylveon", "number": 700, "types": ["Fairy"], "region": "Kalos", "spriteUrl": "https://raw.githubusercontent.com/PokeAPI/sprites/master/sprites/pokemon/700.png" },
    { "id": 706, "name": "Goodra", "number": 706, "types": ["Dragon"], "region": "Kalos", "spriteUrl": "https://raw.githubusercontent.com/PokeAPI/sprites/master/sprites/pokemon/706.png" },
    { "id": 715, "name": "Noivern", "number": 715, "types": ["Flying", "Dragon"], "region": "Kalos", "spriteUrl": "https://raw.githubusercontent.com/PokeAPI/sprites/master/sprites/pokemon/715.png" },
    { "id": 716, "name": "Xerneas", "number": 716, "types": ["Fairy"], "region": "Kalos", "spriteUrl": "https://raw.githubusercontent.com/PokeAPI/sprites/master/sprites/pokemon/716.png" },
    { "id": 717, "name": "Yveltal", "number": 717, "types": ["Dark", "Flying"], "region": "Kalos", "spriteUrl": "https://raw.githubusercontent.com/PokeAPI/sprites/master/sprites/pokemon/717.png" },
    { "id": 718, "name": "Zygarde", "number": 718, "types": ["Dragon", "Ground"], "region": "Kalos", "spriteUrl": "https://raw.githubusercontent.com/PokeAPI/sprites/master/sprites/pokemon/718.png" },
    { "id": 681, "name": "Aegislash", "number": 681, "types": ["Steel", "Ghost"], "region": "Kalos", "spriteUrl": "https://raw.githubusercontent.com/PokeAPI/sprites/master/sprites/pokemon/681.png" }
  ],
  "Alola": [
    { "id": 722, "name": "Rowlet", "number": 722, "types": ["Grass", "Flying"], "region": "Alola", "spriteUrl": "https://raw.githubusercontent.com/PokeAPI/sprites/master/sprites/pokemon/722.png" },
    { "id": 725, "name": "Litten", "number": 725, "types": ["Fire"], "region": "Alola", "spriteUrl": "https://raw.githubusercontent.com/PokeAPI/sprites/master/sprites/pokemon/725.png" },
    { "id": 728, "name": "Popplio", "number": 728, "types": ["Water"], "region": "Alola", "spriteUrl": "https://raw.githubusercontent.com/PokeAPI/sprites/master/sprites/pokemon/728.png" },
    { "id": 745, "name": "Lycanroc", "number": 745, "types": ["Rock"], "region": "Alola", "spriteUrl": "https://raw.githubusercontent.com/PokeAPI/sprites/master/sprites/pokemon/745.png" },
    { "id": 778, "name": "Mimikyu", "number": 778, "types": ["Ghost", "Fairy"], "region": "Alola", "spriteUrl": "https://raw.githubusercontent.com/PokeAPI/sprites/master/sprites/pokemon/778.png" },
    { "id": 791, "name": "Solgaleo", "number": 791, "types": ["Psychic", "Steel"], "region": "Alola", "spriteUrl": "https://raw.githubusercontent.com/PokeAPI/sprites/master/sprites/pokemon/791.png" },
    { "id": 792, "name": "Lunala", "number": 792, "types": ["Psychic", "Ghost"], "region": "Alola", "spriteUrl": "https://raw.githubusercontent.com/PokeAPI/sprites/master/sprites/pokemon/792.png" },
    { "id": 800, "name": "Necrozma", "number": 800, "types": ["Psychic"], "region": "Alola", "spriteUrl": "https://raw.githubusercontent.com/PokeAPI/sprites/master/sprites/pokemon/800.png" },
    { "id": 758, "name": "Salazzle", "number": 758, "types": ["Poison", "Fire"], "region": "Alola", "spriteUrl": "https://raw.githubusercontent.com/PokeAPI/sprites/master/sprites/pokemon/758.png" },
    { "id": 784, "name": "Kommo-o", "number": 784, "types": ["Dragon", "Fighting"], "region": "Alola", "spriteUrl": "https://raw.githubusercontent.com/PokeAPI/sprites/master/sprites/pokemon/784.png" }
  ],
  "Galar": [
    { "id": 810, "name": "Grookey", "number": 810, "types": ["Grass"], "region": "Galar", "spriteUrl": "https://raw.githubusercontent.com/PokeAPI/sprites/master/sprites/pokemon/810.png" },
    { "id": 813, "name": "Scorbunny", "number": 813, "types": ["Fire"], "region": "Galar", "spriteUrl": "https://raw.githubusercontent.com/PokeAPI/sprites/master/sprites/pokemon/813.png" },
    { "id": 816, "name": "Sobble", "number": 816, "types": ["Water"], "region": "Galar", "spriteUrl": "https://raw.githubusercontent.com/PokeAPI/sprites/master/sprites/pokemon/816.png" },
    { "id": 823, "name": "Corviknight", "number": 823, "types": ["Flying", "Steel"], "region": "Galar", "spriteUrl": "https://raw.githubusercontent.com/PokeAPI/sprites/master/sprites/pokemon/823.png" },
    { "id": 826, "name": "Orbeetle", "number": 826, "types": ["Bug", "Psychic"], "region": "Galar", "spriteUrl": "https://raw.githubusercontent.com/PokeAPI/sprites/master/sprites/pokemon/826.png" },
    { "id": 849, "name": "Toxtricity", "number": 849, "types": ["Electric", "Poison"], "region": "Galar", "spriteUrl": "https://raw.githubusercontent.com/PokeAPI/sprites/master/sprites/pokemon/849.png" },
    { "id": 887, "name": "Dragapult", "number": 887, "types": ["Dragon", "Ghost"], "region": "Galar", "spriteUrl": "https://raw.githubusercontent.com/PokeAPI/sprites/master/sprites/pokemon/887.png" },
    { "id": 888, "name": "Zacian", "number": 888, "types": ["Fairy", "Steel"], "region": "Galar", "spriteUrl": "https://raw.githubusercontent.com/PokeAPI/sprites/master/sprites/pokemon/888.png" },
    { "id": 889, "name": "Zamazenta", "number": 889, "types": ["Fighting", "Steel"], "region": "Galar", "spriteUrl": "https://raw.githubusercontent.com/PokeAPI/sprites/master/sprites/pokemon/889.png" },
    { "id": 892, "name": "Urshifu", "number": 892, "types": ["Fighting", "Dark"], "region": "Galar", "spriteUrl": "https://raw.githubusercontent.com/PokeAPI/sprites/master/sprites/pokemon/892.png" },
    { "id": 884, "name": "Duraludon", "number": 884, "types": ["Steel", "Dragon"], "region": "Galar", "spriteUrl": "https://raw.githubusercontent.com/PokeAPI/sprites/master/sprites/pokemon/884.png" }
  ],
  "Paldea": [
    { "id": 906, "name": "Sprigatito", "number": 906, "types": ["Grass"], "region": "Paldea", "spriteUrl": "https://raw.githubusercontent.com/PokeAPI/sprites/master/sprites/pokemon/906.png" },
    { "id": 909, "name": "Fuecoco", "number": 909, "types": ["Fire"], "region": "Paldea", "spriteUrl": "https://raw.githubusercontent.com/PokeAPI/sprites/master/sprites/pokemon/909.png" },
    { "id": 912, "name": "Quaxly", "number": 912, "types": ["Water"], "region": "Paldea", "spriteUrl": "https://raw.githubusercontent.com/PokeAPI/sprites/master/sprites/pokemon/912.png" },
    { "id": 925, "name": "Maushold", "number": 925, "types": ["Normal"], "region": "Paldea", "spriteUrl": "https://raw.githubusercontent.com/PokeAPI/sprites/master/sprites/pokemon/925.png" },
    { "id": 945, "name": "Grafaiai", "number": 945, "types": ["Poison", "Normal"], "region": "Paldea", "spriteUrl": "https://raw.githubusercontent.com/PokeAPI/sprites/master/sprites/pokemon/945.png" },
    { "id": 1000, "name": "Gholdengo", "number": 1000, "types": ["Steel", "Ghost"], "region": "Paldea", "spriteUrl": "https://raw.githubusercontent.com/PokeAPI/sprites/master/sprites/pokemon/1000.png" },
    { "id": 1007, "name": "Koraidon", "number": 1007, "types": ["Fighting", "Dragon"], "region": "Paldea", "spriteUrl": "https://raw.githubusercontent.com/PokeAPI/sprites/master/sprites/pokemon/1007.png" },
    { "id": 1008, "name": "Miraidon", "number": 1008, "types": ["Electric", "Dragon"], "region": "Paldea", "spriteUrl": "https://raw.githubusercontent.com/PokeAPI/sprites/master/sprites/pokemon/1008.png" },
    { "id": 937, "name": "Ceruledge", "number": 937, "types": ["Fire", "Ghost"], "region": "Paldea", "spriteUrl": "https://raw.githubusercontent.com/PokeAPI/sprites/master/sprites/pokemon/937.png" },
    { "id": 983, "name": "Kingambit", "number": 983, "types": ["Dark", "Steel"], "region": "Paldea", "spriteUrl": "https://raw.githubusercontent.com/PokeAPI/sprites/master/sprites/pokemon/983.png" }
  ]
}
